"";"Timestamp";"Gender";"Age";"City";"Profession";"Education";"Spread";"Emotion_Unbalance";"Places";"Holiday";"Counter";"Combat";"Equiped";"Safe";"Fear_Index";"Government_Efficiency";"Fear_on_Holiday";"Rumors_Impact";"NewSafeData";"NewAgeGroup";"NewEducation"
"1";"2/22/2017 14:47:45";"Female";"15-25";"Mumbai ";"Employee at an organisation";"Post Graduate";"4";"5";"4";"2";"4";"4";"4";"3";75;0,724348098186395;0,113046387625361;-0,38670281406684;"Neutral";"15-25";"Post Graduate"
"2";"2/22/2017 15:17:22";"Male";"15-25";"Mumbai ";"Employee at an organisation";"UnderGraduate";"4";"3";"4";"1";"3";"3";"4";"3";62,5;0,209542212506637;-0,281397653277835;-1,12525008897993;"Neutral";"15-25";"UnderGraduate"
"3";"2/22/2017 15:23:56";"Female";"15-25";"Mumbai ";"Student";"UnderGraduate";"4";"4";"4";"4";"4";"4";"4";"3";77,5;0,487281772415608;0,156003468420388;0,843504820323624;"Neutral";"15-25";"UnderGraduate"
"4";"2/22/2017 15:25:28";"Female";"15-25";"Mumbai ";"Student";"UnderGraduate";"4";"4";"4";"4";"2";"2";"2";"3";62,5;-1,52583744242604;0,226165509609624;0,778472372616163;"Neutral";"15-25";"UnderGraduate"
"5";"2/22/2017 15:41:22";"Female";"15-25";"Mumbai ";"Student";"UnderGraduate";"3";"5";"5";"4";"2";"2";"3";"2";65;-1,23206973355218;-0,342606966201428;0,842522590102512;"Safe";"15-25";"UnderGraduate"
"6";"2/22/2017 16:38:09";"Female";"15-25";"Mumbai ";"Employee at an organisation";"Post Graduate";"4";"3";"5";"5";"2";"4";"4";"4";77,5;0,113722029197376;0,178961927309051;1,75303985247236;"Unsafe";"15-25";"Post Graduate"
"7";"2/22/2017 16:38:35";"Female";"15-25";"Mumbai ";"Employee at an organisation";"Post Graduate";"4";"3";"5";"5";"2";"4";"4";"4";77,5;0,113722029197376;0,178961927309051;1,75303985247236;"Unsafe";"15-25";"Post Graduate"
"8";"2/22/2017 17:18:23";"Male";"45-55";"Pune";"Self Employed";"Post Graduate";"4";"2";"5";"1";"3";"3";"4";"1";57,5;-0,026543402571085;-0,20896750307222;-1,62095482113588;"Safe";"45-55";"Post Graduate"
"9";"2/22/2017 18:00:57";"Male";"15-25";"Delhi";"Student";"UnderGraduate";"3";"3";"4";"4";"4";"4";"4";"3";72,5;0,572064132010937;-0,868251614824986;0,999632738284308;"Neutral";"15-25";"UnderGraduate"
"10";"2/22/2017 18:07:34";"Male";"25-35";"Mumbai ";"Employee at an organisation";"Masters";"4";"5";"5";"2";"4";"4";"2";"2";70;-0,101787685797153;0,365587506682104;-0,643131965279787;"Safe";"25-35";"Post Graduate"
"11";"2/22/2017 18:08:52";"Male";"35-45";"Mumbai ";"Other";"Post Graduate";"5";"5";"4";"4";"4";"4";"2";"2";75;-0,420241612670861;1,28036214457306;0,397684112562869;"Safe";"35-45";"Post Graduate"
"12";"2/22/2017 18:26:59";"Female";"15-25";"Mumbai ";"Student";"Post Graduate";"4";"3";"5";"4";"3";"3";"2";"3";67,5;-0,864746636398849;0,225801833014779;0,7741304127992;"Neutral";"15-25";"Post Graduate"
"13";"2/22/2017 18:27:33";"Male";"15-25";"Bangalore";"Self Employed";"UnderGraduate";"5";"5";"4";"2";"2";"3";"4";"2";67,5;-0,316354874729322;1,00439927975659;-0,817381639532397;"Safe";"15-25";"UnderGraduate"
"14";"2/22/2017 19:00:41";"Female";"35-45";"Pune";"Self Employed";"Masters";"4";"4";"5";"1";"2";"2";"2";"1";52,5;-1,40187406656838;0,159050509586989;-1,58555081914291;"Safe";"35-45";"Post Graduate"
"15";"2/22/2017 19:07:40";"Female";"25-35";"London";"Self Employed";"Masters";"5";"4";"5";"4";"2";"1";"1";"2";60;-2,54403196660231;1,34319704137082;0,314251972485075;"Safe";"25-35";"Post Graduate"
"16";"2/22/2017 19:12:48";"Male";"25-35";"Mumbai ";"Employee at an organisation";"Post Graduate";"5";"4";"5";"2";"4";"4";"4";"3";77,5;0,653968989215487;0,989300880877336;-0,601595125510082;"Neutral";"25-35";"Post Graduate"
"17";"2/22/2017 19:16:16";"Male";"15-25";"Delhi";"Unemployed";"Graduate";"5";"5";"5";"3";"5";"5";"5";"4";92,5;1,64944185748516;1,16592114672356;0,356523116945259;"Unsafe";"15-25";"Graduate"
"18";"2/22/2017 19:16:21";"Male";"25-35";"Mumbai ";"Employee at an organisation";"Graduate";"4";"4";"4";"5";"4";"4";"3";"3";77,5;0,0133260597913691;0,285090413775364;1,4575078393133;"Neutral";"25-35";"Graduate"
"19";"2/22/2017 19:19:10";"Female";"25-35";"Mumbai ";"Employee at an organisation";"Post Graduate";"4";"4";"4";"4";"2";"2";"2";"2";60;-1,64663237299791;0,26127135067342;0,536995195262046;"Safe";"25-35";"Post Graduate"
"20";"2/22/2017 19:20:10";"Male";"35-45";"Mumbai ";"Employee at an organisation";"Masters";"2";"4";"5";"4";"3";"4";"4";"3";72,5;0,447215596651277;-1,46000217455747;1,30240103041664;"Neutral";"35-45";"Post Graduate"
"21";"2/22/2017 19:21:45";"Female";"25-35";"Mumbai ";"Employee at an organisation";"Post Graduate";"5";"4";"3";"3";"2";"3";"2";"3";62,5;-1,00819494119051;0,828222675748659;-0,0652869040335454;"Neutral";"25-35";"Post Graduate"
"22";"2/22/2017 19:27:31";"Female";"35-45";"Mumbai ";"Unemployed";"Graduate";"4";"3";"4";"2";"3";"3";"2";"2";57,5;-0,736181478149103;-0,0847059909373088;-0,776832053567347;"Safe";"35-45";"Graduate"
"23";"2/22/2017 19:35:02";"Male";"25-35";"Singapore ";"Employee at an organisation";"Post Graduate";"2";"4";"4";"2";"4";"3";"2";"2";57,5;-0,404875645287939;-1,66218786443441;-0,347882873056295;"Safe";"25-35";"Post Graduate"
"24";"2/22/2017 19:39:27";"Male";"25-35";"India";"Employee at an organisation";"Graduate";"4";"5";"3";"2";"4";"4";"4";"3";72,5;0,727742856678804;-0,0393911385240784;-0,419966452653965;"Neutral";"25-35";"Graduate"
"25";"2/22/2017 19:40:45";"Female";"25-35";"Mumbai ";"Employee at an organisation";"Post Graduate";"4";"4";"4";"3";"4";"2";"4";"2";67,5;-0,444827358222531;0,140427766955475;-0,0955974245343326;"Safe";"25-35";"Post Graduate"
"26";"2/22/2017 19:42:32";"Male";"25-35";"Bangalore";"Employee at an organisation";"Graduate";"3";"3";"4";"3";"2";"2";"3";"3";57,5;-0,967099370206476;-0,927176518990726;0,320597271587171;"Neutral";"25-35";"Graduate"
"27";"2/22/2017 19:43:50";"Female";"35-45";"Mumbai ";"Employee at an organisation";"Post Graduate";"5";"5";"5";"3";"5";"4";"5";"5";92,5;1,30308835544159;1,15376856911202;0,568243173153783;"Unsafe";"35-45";"Post Graduate"
"28";"2/22/2017 19:50:08";"Female";"25-35";"Mumbai ";"Self Employed";"Post Graduate";"4";"3";"4";"2";"3";"3";"3";"2";60;-0,385208430689465;-0,117204866859062;-0,75272424734437;"Safe";"25-35";"Post Graduate"
"29";"2/22/2017 19:51:55";"Female";"25-35";"Mumbai ";"Teacher";"Post Graduate";"4";"4";"4";"1";"2";"3";"3";"2";57,5;-0,45956289742903;-0,0839449970002573;-1,32347235300734;"Safe";"25-35";"Post Graduate"
"30";"2/22/2017 19:52:24";"Male";"15-25";"Mumbai ";"Self Employed";"Post Graduate";"4";"4";"4";"3";"2";"2";"3";"4";65;-0,931086799229941;0,0619727231908508;0,405946530980605;"Unsafe";"15-25";"Post Graduate"
"31";"2/22/2017 19:52:44";"Female";"35-45";"Ipswich";"Self Employed";"Masters";"3";"4";"4";"3";"3";"2";"2";"3";60;-1,13853329487878;-0,724087466218162;0,321154777884196;"Neutral";"35-45";"Post Graduate"
"32";"2/22/2017 19:55:47";"Male";"25-35";"Mumbai ";"Employee at an organisation";"Masters";"4";"4";"4";"1";"4";"5";"4";"2";70;1,20258326995298;-0,12160816226774;-1,28254771152286;"Safe";"25-35";"Post Graduate"
"33";"2/22/2017 19:56:45";"Male";"15-25";"Mumbai ";"Employee at an organisation";"Graduate";"4";"3";"5";"3";"4";"3";"3";"3";70;-0,20235279642886;0,117086006439195;0,138778690294685;"Neutral";"15-25";"Graduate"
"34";"2/22/2017 19:57:46";"Male";"25-35";"Gurgaon";"Working in a government organisation";"Masters";"3";"3";"4";"3";"3";"3";"3";"3";62,5;-0,311512810245288;-0,92975866366359;0,329005689217925;"Neutral";"25-35";"Post Graduate"
"35";"2/22/2017 19:58:59";"Male";"15-25";"Mumbai ";"Student";"Post Graduate";"4";"3";"5";"2";"2";"3";"4";"3";65;-0,105273338496123;-0,0527431764745642;-0,432526921665312;"Neutral";"15-25";"Post Graduate"
"36";"2/22/2017 19:59:24";"Male";"25-35";"Mumbai ";"Employee at an organisation";"Masters";"4";"3";"5";"2";"3";"3";"3";"2";62,5;-0,388603189181874;0,0352326592903777;-0,719460608757246;"Safe";"25-35";"Post Graduate"
"37";"2/22/2017 20:01:00";"Male";"25-35";"Mumbai ";"Employee at an organisation";"Graduate";"5";"3";"1";"2";"4";"3";"4";"2";60;0,0885036645562343;0,287390822724212;-1,05189799439313;"Safe";"25-35";"Graduate"
"38";"2/22/2017 20:01:03";"Male";"15-25";"Mumbai ";"Employee at an organisation";"Post Graduate";"5";"4";"3";"3";"5";"4";"5";"3";80;1,07718701584109;0,768886140869318;-0,0272524747635409;"Neutral";"15-25";"Post Graduate"
"39";"2/22/2017 20:03:45";"Female";"15-25";"Mumbai ";"Student";"Post Graduate";"5";"4";"4";"4";"3";"3";"3";"2";70;-0,715956120613996;1,10022635525276;0,367369485120251;"Safe";"15-25";"Post Graduate"
"40";"2/22/2017 20:03:49";"Female";"35-45";"Mumbai ";"Employee at an organisation";"Masters";"4";"4";"4";"2";"4";"2";"4";"3";67,5;-0,201049762486065;0,00873385645845523;-0,492231072392868;"Neutral";"35-45";"Post Graduate"
"41";"2/22/2017 20:03:52";"Male";"25-35";"Mumbai ";"Employee at an organisation";"Graduate";"5";"3";"4";"3";"3";"3";"4";"2";67,5;-0,233101403431343;0,820920351826362;-0,292647549904266;"Safe";"25-35";"Graduate"
"42";"2/22/2017 20:04:05";"Female";"15-25";"Mumbai ";"Employee at an organisation";"Graduate";"3";"4";"4";"4";"3";"3";"3";"4";70;-0,32259954939644;-0,718057377222745;1,25460770781954;"Unsafe";"15-25";"Graduate"
"43";"2/22/2017 20:04:37";"Female";"15-25";"Mumbai ";"Student";"UnderGraduate";"4";"4";"4";"4";"4";"4";"3";"4";77,5;0,257103655527834;0,153396503278344;1,06087419145476;"Unsafe";"15-25";"UnderGraduate"
"44";"2/22/2017 20:08:14";"Male";"15-25";"Mumbai ";"Self Employed";"Graduate";"4";"4";"5";"1";"3";"3";"3";"1";60;-0,395314459147552;0,123969488992371;-1,55303459528917;"Safe";"15-25";"Graduate"
"45";"2/22/2017 20:08:15";"Male";"15-25";"Mumbai ";"Employee at an organisation";"Masters";"4";"4";"4";"2";"4";"4";"4";"3";72,5;0,73324710274481;-0,0371726704460578;-0,432716830101681;"Neutral";"15-25";"Post Graduate"
"46";"2/22/2017 20:08:22";"Male";"25-35";"Mumbai ";"Employee at an organisation";"Graduate";"3";"4";"5";"2";"4";"2";"2";"3";62,5;-0,830507260860835;-0,647866890722553;-0,305041112256172;"Neutral";"25-35";"Graduate"
"47";"2/22/2017 20:09:06";"Male";"15-25";"Mumbai ";"Student";"Post Graduate";"5";"4";"4";"4";"4";"5";"4";"2";80;0,757751919422267;1,04219207120588;0,429642830119575;"Safe";"15-25";"Post Graduate"
"48";"2/22/2017 20:09:26";"Male";"15-25";"Mumbai ";"Student";"UnderGraduate";"2";"4";"4";"2";"3";"3";"3";"1";55;-0,363135655745917;-1,67995201807175;-0,543903540672597;"Safe";"15-25";"UnderGraduate"
"49";"2/22/2017 20:10:01";"Male";"15-25";"Kanpur";"Student";"Graduate";"5";"3";"4";"2";"3";"4";"3";"2";65;0,00605664688905796;0,733877894862636;-0,925109060194302;"Safe";"15-25";"Graduate"
"50";"2/22/2017 20:10:09";"Male";"15-25";"Mumbai ";"Student";"Post Graduate";"4";"3";"4";"2";"4";"4";"4";"3";70;0,742146107303225;-0,187391728517477;-0,478730846136522;"Neutral";"15-25";"Post Graduate"
"51";"2/22/2017 20:10:09";"Female";"25-35";"Mumbai ";"Employee at an organisation";"Masters";"4";"4";"4";"5";"2";"3";"4";"3";72,5;-0,479725580055932;0,234802563747083;1,49455593142036;"Neutral";"25-35";"Post Graduate"
"52";"2/22/2017 20:11:54";"Female";"15-25";"Mumbai ";"Student";"UnderGraduate";"4";"4";"5";"3";"3";"3";"4";"4";75;0,0720780496984764;0,179329228745672;0,471726393421459;"Unsafe";"15-25";"UnderGraduate"
"53";"2/22/2017 20:12:20";"Male";"15-25";"Mumbai ";"Employee at an organisation";"Graduate";"4";"3";"5";"4";"4";"4";"4";"4";80;0,613580949053478;0,123116095434611;1,07223162023002;"Unsafe";"15-25";"Graduate"
"54";"2/22/2017 20:12:46";"Male";"15-25";"Mumbai ";"Employee at an organisation";"Post Graduate";"4";"4";"4";"2";"3";"4";"4";"2";67,5;0,424014044827195;-0,0224379481616527;-0,652845303940959;"Safe";"15-25";"Post Graduate"
"55";"2/22/2017 20:14:57";"Male";"15-25";"Pune";"Employee at an organisation";"Post Graduate";"5";"5";"5";"2";"5";"5";"2";"4";82,5;0,71950538027085;1,1668297050556;-0,353911126936323;"Unsafe";"15-25";"Post Graduate"
"56";"2/22/2017 20:15:08";"Female";"15-25";"Surat";"Student";"UnderGraduate";"3";"4";"4";"3";"4";"4";"3";"2";67,5;0,214379814585621;-0,747015909201239;0,141950945529402;"Safe";"15-25";"UnderGraduate"
"57";"2/22/2017 20:16:17";"Female";"15-25";"Mumbai ";"Student";"UnderGraduate";"3";"2";"4";"2";"4";"5";"4";"2";65;1,17328196894213;-1,19949423415131;-0,534322984384363;"Safe";"15-25";"UnderGraduate"
"58";"2/22/2017 20:18:11";"Male";"25-35";"Mumbai ";"Employee at an organisation";"Post Graduate";"4";"4";"4";"4";"3";"4";"2";"2";67,5;-0,523897380421283;0,235735942548299;0,575160734038392;"Safe";"25-35";"Post Graduate"
"59";"2/22/2017 20:20:48";"Male";"15-25";"Mumbai ";"Student";"UnderGraduate";"5";"4";"4";"4";"4";"3";"3";"3";75;-0,406723062696382;1,08549163296835;0,587497958959529;"Neutral";"15-25";"UnderGraduate"
"60";"2/22/2017 20:22:58";"Male";"15-25";"Mumbai ";"Student";"UnderGraduate";"4";"4";"5";"3";"3";"2";"3";"2";65;-0,987633291520327;0,304993050247276;-0,0650928886553455;"Safe";"15-25";"UnderGraduate"
"61";"2/22/2017 20:25:07";"Male";"25-35";"India";"Self Employed";"Masters";"4";"4";"5";"2";"4";"4";"4";"2";72,5;0,609057413680537;0,150370696767179;-0,640930368868674;"Safe";"25-35";"Post Graduate"
"62";"2/22/2017 20:27:03";"Male";"15-25";"Gurgaon";"Employee at an organisation";"Graduate";"4";"1";"4";"2";"2";"4";"4";"3";60;0,383067861728553;-0,528572082219099;-0,528061471176525;"Neutral";"15-25";"Graduate"
"63";"2/22/2017 20:28:07";"Female";"15-25";"Mumbai ";"Student";"UnderGraduate";"4";"2";"4";"2";"4";"3";"2";"1";55;-0,659639276816802;-0,179448089165539;-1,08567195047114;"Safe";"15-25";"UnderGraduate"
"64";"2/22/2017 20:29:58";"Female";"15-25";"Mumbai ";"Student";"UnderGraduate";"3";"4";"3";"2";"1";"3";"2";"4";55;-0,801088762725968;-1,07191440387566;-0,036287980386191;"Unsafe";"15-25";"UnderGraduate"
"65";"2/22/2017 20:31:47";"Female";"15-25";"Mumbai ";"Employee at an organisation";"Graduate";"5";"4";"5";"3";"4";"5";"4";"3";82,5;0,998134756666324;1,0629356868583;0,0662728208481637;"Neutral";"15-25";"Graduate"
"66";"2/22/2017 20:33:49";"Male";"15-25";"Mumbai ";"Employee at an organisation";"Graduate";"3";"3";"3";"3";"3";"3";"3";"3";60;-0,30811805175288;-1,08219618981303;0,295742050630801;"Neutral";"15-25";"Graduate"
"67";"2/22/2017 20:33:58";"Male";"35-45";"Pune";"Private service";"Post Graduate";"5";"4";"5";"3";"4";"4";"4";"3";80;0,530986324050886;1,08588895031056;0,0365156997025705;"Neutral";"35-45";"Post Graduate"
"68";"2/22/2017 20:35:05";"Male";"15-25";"Mumbai ";"Student";"UnderGraduate";"3";"4";"4";"4";"2";"2";"2";"2";57,5;-1,57074901796099;-0,612764674500534;0,739137129257571;"Safe";"15-25";"UnderGraduate"
"69";"2/22/2017 20:37:57";"Male";"25-35";"Mumbai ";"Employee at an organisation";"Graduate";"4";"4";"5";"5";"4";"5";"5";"4";90;1,29982075940554;0,314471083565243;1,81022138884609;"Unsafe";"25-35";"Graduate"
"70";"2/22/2017 20:38:01";"Male";"25-35";"Mumbai ";"Student";"Post Graduate";"4";"4";"4";"2";"3";"4";"4";"3";70;0,544808975399059;-0,0575437892254495;-0,411368126586842;"Neutral";"25-35";"Post Graduate"
"71";"2/22/2017 20:38:14";"Female";"15-25";"Mumbai ";"Employee at an organisation";"Graduate";"4";"4";"4";"3";"4";"4";"2";"2";67,5;-0,212476587910931;0,159518991894468;-0,0842987946890996;"Safe";"15-25";"Graduate"
"72";"2/22/2017 20:38:27";"Male";"15-25";"Bhopal";"Student";"UnderGraduate";"4";"3";"4";"1";"2";"3";"2";"1";50;-0,922431870902117;-0,166559338086126;-1,63507135261928;"Safe";"15-25";"UnderGraduate"
"73";"2/22/2017 20:38:44";"Male";"15-25";"Mumbai ";"Employee at an organisation";"Post Graduate";"5";"4";"4";"2";"5";"5";"5";"2";80;1,54312842455686;0,836888175197075;-0,843819717597593;"Safe";"15-25";"Post Graduate"
"74";"2/22/2017 20:38:55";"Male";"15-25";"Mumbai ";"Student";"Post Graduate";"4";"4";"4";"2";"3";"3";"2";"2";60;-0,745080482707518;0,0655130671341103;-0,730818037532506;"Safe";"15-25";"Post Graduate"
"75";"2/22/2017 20:38:55";"Male";"15-25";"Mumbai ";"Self Employed";"Graduate";"5";"3";"4";"1";"5";"3";"4";"3";70;0,510535112161225;0,633380609454903;-1,37008943000513;"Neutral";"15-25";"Graduate"
"76";"2/22/2017 20:39:52";"Male";"15-25";"Mumbai ";"Employee at an organisation";"Graduate";"4";"4";"5";"2";"5";"5";"5";"3";82,5;1,73641195167323;0,0801838351087639;-0,366936967660827;"Neutral";"15-25";"Graduate"
"77";"2/22/2017 20:41:51";"Male";"35-45";"Toronto";"Employee at an organisation";"Masters";"2";"2";"5";"5";"5";"5";"5";"4";82,5;1,65782360594195;-1,71366796414611;2,10112852125262;"Unsafe";"35-45";"Post Graduate"
"78";"2/22/2017 20:43:10";"Male";"15-25";"Mumbai ";"Student";"Graduate";"4";"3";"4";"3";"3";"3";"2";"2";60;-0,859164143313704;0,0118820784959139;-0,138721228354694;"Safe";"15-25";"Graduate"
"79";"2/22/2017 20:44:39";"Male";"25-35";"Mumbai ";"Student";"Graduate";"4";"3";"4";"3";"3";"4";"4";"3";70;0,430725314792873;-0,111174777863646;0,18072868259097;"Neutral";"25-35";"Graduate"
"80";"2/22/2017 20:44:56";"Male";"15-25";"Mumbai ";"Student";"Post Graduate";"4";"2";"4";"4";"4";"5";"4";"2";72,5;0,851433283576011;-0,13228207011091;0,539756732045418;"Safe";"15-25";"Post Graduate"
"81";"2/22/2017 20:45:18";"Male";"15-25";"Mumbai ";"Employee at an organisation";"Graduate";"4";"4";"4";"2";"4";"4";"4";"4";75;0,854042033316674;-0,0722785115098546;-0,191239652747564;"Unsafe";"15-25";"Graduate"
"82";"2/22/2017 20:50:41";"Male";"15-25";"Mumbai ";"Employee at an organisation";"Graduate";"4";"5";"4";"3";"4";"4";"4";"3";77,5;0,601365433021794;0,209634457058584;0,251408011145812;"Neutral";"15-25";"Graduate"
"83";"2/22/2017 20:51:39";"Male";"15-25";"Mumbai ";"Student";"UnderGraduate";"4";"2";"5";"4";"3";"4";"3";"2";67,5;-0,158521082337224;0,0552364766331474;0,540504146778811;"Safe";"15-25";"UnderGraduate"
"84";"2/22/2017 20:51:56";"Male";"15-25";"Bangalore";"Employee at an organisation";"Masters";"5";"5";"4";"5";"2";"2";"2";"2";67,5;-1,85439739775784;1,38211450335202;1,01897810251401;"Safe";"15-25";"Post Graduate"
"85";"2/22/2017 20:55:35";"Female";"15-25";"Mumbai ";"Employee at an organisation";"Post Graduate";"4";"4";"5";"3";"4";"4";"3";"3";75;0,255896631628163;0,244351801058358;0,214549827475119;"Neutral";"15-25";"Post Graduate"
"86";"2/22/2017 20:56:40";"Female";"15-25";"Hyderabad";"Student";"Post Graduate";"3";"4";"4";"3";"4";"4";"4";"2";70;0,565352862045259;-0,779514785122992;0,166058751752379;"Safe";"15-25";"Post Graduate"
"87";"2/22/2017 20:57:00";"Female";"15-25";"Mumbai ";"Employee at an organisation";"Masters";"3";"3";"5";"4";"3";"3";"3";"2";65;-0,558685164474162;-0,645627227017131;0,758902975663584;"Safe";"15-25";"Post Graduate"
"88";"2/22/2017 20:57:39";"Male";"35-45";"Mumbai ";"Employee at an organisation";"Post Graduate";"4";"5";"2";"3";"4";"4";"4";"4";75;0,728949880578475;-0,130346436304092;0,426357911325681;"Unsafe";"35-45";"Post Graduate"
"89";"2/22/2017 20:58:47";"Male";"15-25";"Bangalore";"Employee at an organisation";"Graduate";"5";"1";"5";"2";"2";"5";"4";"2";65;0,650143250242804;0,510054046715836;-0,90865982279345;"Safe";"15-25";"Graduate"
"90";"2/22/2017 21:01:50";"Male";"15-25";"Mumbai ";"Employee at an organisation";"Post Graduate";"5";"5";"5";"3";"4";"4";"4";"3";82,5;0,522087319492471;1,23610800838198;0,0825297157374114;"Neutral";"15-25";"Post Graduate"
"91";"2/22/2017 21:01:58";"Male";"25-35";"Mumbai ";"Unemployed";"Post Graduate";"4";"4";"5";"4";"3";"4";"5";"3";80;0,646421934037086;0,255570999868682;0,922224968648564;"Neutral";"25-35";"Post Graduate"
"92";"2/22/2017 21:02:20";"Female";"15-25";"Mumbai ";"Employee at an organisation";"Post Graduate";"4";"4";"5";"3";"1";"3";"3";"3";65;-0,776566183024527;0,206191708172439;0,248838816874044;"Neutral";"15-25";"Post Graduate"
"93";"2/22/2017 21:02:46";"Male";"15-25";"Mumbai ";"Employee at an organisation";"Masters";"4";"3";"5";"2";"4";"2";"4";"2";65;-0,316340446991923;0,0460581656002727;-0,746458627194702;"Safe";"15-25";"Post Graduate"
"94";"2/22/2017 21:03:21";"Female";"15-25";"Mumbai ";"Employee at an organisation";"Masters";"4";"5";"3";"2";"4";"4";"3";"2";67,5;0,255974878647302;0,0282135784614717;-0,685551436231059;"Safe";"15-25";"Post Graduate"
"95";"2/22/2017 21:08:08";"Male";"25-35";"Dubai";"Employee at an organisation";"Graduate";"4";"4";"5";"3";"4";"4";"4";"3";77,5;0,6068696790878;0,211852925136605;0,238657633698095;"Neutral";"25-35";"Graduate"
"96";"2/22/2017 21:08:26";"Male";"15-25";"Mumbai ";"Student";"UnderGraduate";"3";"4";"4";"1";"5";"2";"4";"2";62,5;0,065459454489336;-0,906413278305533;-1,19102584447895;"Safe";"15-25";"UnderGraduate"
"97";"2/22/2017 21:10:22";"Female";"15-25";"Mumbai ";"Employee at an organisation";"Graduate";"3";"5";"5";"3";"4";"5";"5";"4";85;1,61277044021324;-0,602522022403737;0,782155688451149;"Unsafe";"15-25";"Graduate"
"98";"2/22/2017 21:10:42";"Male";"15-25";"Mumbai ";"Student";"Graduate";"4";"3";"5";"2";"2";"4";"4";"2";65;0,24108016354745;-0,0405905988630238;-0,644246977873836;"Safe";"15-25";"Graduate"
"99";"2/22/2017 21:10:43";"Male";"15-25";"Mumbai ";"Student";"UnderGraduate";"4";"4";"5";"4";"5";"4";"4";"3";82,5;0,67232514126895;0,328812113349219;0,855419755395908;"Neutral";"15-25";"UnderGraduate"
"100";"2/22/2017 21:12:18";"Female";"15-25";"Mumbai ";"Employee at an organisation";"Post Graduate";"4";"4";"5";"3";"3";"4";"4";"3";75;0,41843155174205;0,191481806357213;0,260006337212935;"Neutral";"15-25";"Post Graduate"
"101";"2/22/2017 21:13:25";"Male";"25-35";"Mumbai ";"Self Employed";"Post Graduate";"2";"2";"1";"2";"4";"4";"4";"3";55;0,912996097412693;-2,54299541538512;-0,220251909941686;"Neutral";"25-35";"Post Graduate"
"102";"2/22/2017 21:14:09";"Male";"45-55";"Mumbai ";"Employee at an organisation";"Post Graduate";"5";"4";"5";"2";"4";"4";"5";"2";77,5;0,88414710610326;0,99190784601938;-0,818964496641223;"Safe";"45-55";"Post Graduate"
"103";"2/22/2017 21:16:40";"Male";"15-25";"Surat";"Student";"UnderGraduate";"2";"4";"4";"2";"4";"4";"2";"2";60;0,0622727873274983;-1,68514112788666;-0,318125751910702;"Safe";"15-25";"UnderGraduate"
"104";"2/22/2017 21:19:53";"Male";"15-25";"Mumbai ";"Student";"Post Graduate";"5";"5";"5";"3";"2";"5";"5";"3";82,5;0,963332544876045;1,13991363144918;0,17909205013566;"Neutral";"15-25";"Post Graduate"
"105";"2/22/2017 21:20:06";"Female";"15-25";"Mumbai ";"Unemployed";"Post Graduate";"4";"5";"5";"5";"5";"5";"4";"3";90;1,00759190416137;0,552665977401604;1,56930171778899;"Neutral";"15-25";"Post Graduate"
"106";"2/22/2017 21:20:10";"Male";"25-35";"Mumbai ";"Employee at an organisation";"Graduate";"5";"5";"5";"1";"4";"5";"5";"3";82,5;1,58617412989675;0,987479730141523;-1,13982700731932;"Neutral";"25-35";"Graduate"
"107";"2/22/2017 21:22:31";"Male";"15-25";"Pune";"Employee at an organisation";"Post Graduate";"5";"5";"5";"2";"5";"5";"2";"4";82,5;0,71950538027085;1,1668297050556;-0,353911126936323;"Unsafe";"15-25";"Post Graduate"
"108";"2/22/2017 21:23:00";"Male";"25-35";"Mumbai ";"Employee at an organisation";"Graduate";"4";"4";"5";"2";"4";"4";"4";"2";72,5;0,609057413680537;0,150370696767179;-0,640930368868674;"Safe";"25-35";"Graduate"
"109";"2/22/2017 21:23:19";"Male";"15-25";"Mumbai ";"Student";"Graduate";"5";"3";"4";"4";"3";"2";"4";"2";67,5;-0,823232501211381;0,940461684711841;0,315706154162794;"Safe";"15-25";"Graduate"
"110";"2/22/2017 21:23:29";"Male";"35-45";"Sydney";"Employee at an organisation";"Masters";"2";"2";"4";"2";"2";"2";"3";"2";47,5;-0,880129276018411;-2,01291383060552;-0,402862813018915;"Safe";"35-45";"Post Graduate"
"111";"2/22/2017 21:24:27";"Male";"25-35";"Mumbai ";"Employee at an organisation";"Post Graduate";"4";"4";"5";"4";"2";"5";"4";"3";77,5;0,574159191847136;0,244745493558787;0,94922298708602;"Neutral";"25-35";"Post Graduate"
"112";"2/22/2017 21:25:07";"Male";"15-25";"Mumbai ";"Student";"Graduate";"3";"4";"1";"1";"1";"1";"2";"1";35;-1,96799823752302;-1,32215347551186;-1,52487185712663;"Safe";"15-25";"Graduate"
"113";"2/22/2017 21:26:57";"Male";"15-25";"Mumbai ";"Student";"UnderGraduate";"4";"4";"5";"2";"2";"4";"3";"2";65;-0,118791888470602;0,142127335130148;-0,622340768061972;"Safe";"15-25";"UnderGraduate"
"114";"2/22/2017 21:28:41";"Female";"15-25";"Mumbai ";"Employee at an organisation";"Masters";"5";"3";"4";"2";"3";"3";"2";"2";60;-0,812064833186017;0,789330034236645;-0,978973987562872;"Safe";"15-25";"Post Graduate"
"115";"2/22/2017 21:29:13";"Female";"15-25";"Mumbai ";"Employee at an organisation";"Graduate";"4";"4";"5";"3";"3";"4";"4";"3";75;0,41843155174205;0,191481806357213;0,260006337212935;"Neutral";"15-25";"Graduate"
"116";"2/22/2017 21:30:04";"Male";"15-25";"Mumbai ";"Student";"UnderGraduate";"3";"3";"3";"3";"3";"3";"3";"3";60;-0,30811805175288;-1,08219618981303;0,295742050630801;"Neutral";"15-25";"UnderGraduate"
"117";"2/22/2017 21:31:53";"Male";"25-35";"Mumbai ";"Employee at an organisation";"Post Graduate";"4";"4";"4";"3";"3";"3";"3";"2";65;-0,517090100412481;0,12960226064558;-0,0685994060968766;"Safe";"25-35";"Post Graduate"
"118";"2/22/2017 21:33:54";"Male";"25-35";"Mumbai ";"Self Employed";"Post Graduate";"5";"5";"4";"1";"5";"5";"5";"1";77,5;1,53641715459118;0,925625004899069;-1,67739370412952;"Safe";"25-35";"Post Graduate"
"119";"2/22/2017 21:33:57";"Female";"25-35";"Mumbai ";"Employee at an organisation";"Masters";"4";"3";"4";"3";"4";"4";"4";"3";72,5;0,619163442138624;-0,0908036590842542;0,15937997907613;"Neutral";"25-35";"Post Graduate"
"120";"2/22/2017 21:35:09";"Male";"25-35";"Bangalore";"Employee at an organisation";"Post Graduate";"4";"3";"4";"2";"5";"5";"5";"2";75;1,62791078415219;-0,187366908048298;-0,687691799636909;"Safe";"25-35";"Post Graduate"
"121";"2/22/2017 21:43:57";"Female";"15-25";"Mumbai ";"Employee at an organisation";"Graduate";"4";"3";"4";"2";"3";"3";"4";"3";65;0,0865595473420364;-0,184809583844612;-0,487139263767276;"Neutral";"15-25";"Graduate"
"122";"2/22/2017 21:44:29";"Male";"15-25";"Mumbai ";"Self Employed";"Graduate";"4";"4";"4";"4";"4";"2";"5";"3";75;-0,0960420453556297;0,169411119403147;0,808098384255414;"Neutral";"15-25";"Graduate"
"123";"2/22/2017 21:45:07";"Female";"25-35";"Mumbai ";"Student";"Graduate";"4";"3";"4";"4";"4";"3";"2";"3";67,5;-0,67291375056069;0,0937354256447315;0,719518070697236;"Neutral";"25-35";"Graduate"
"124";"2/22/2017 21:52:18";"Male";"15-25";"Mumbai ";"Student";"UnderGraduate";"5";"3";"4";"2";"4";"4";"4";"3";72,5;0,66626275226631;0,686644296656477;-0,680872780132047;"Neutral";"15-25";"UnderGraduate"
"125";"2/22/2017 21:52:40";"Female";"25-35";"Houston";"Homemaker";"Post Graduate";"5";"4";"4";"3";"4";"2";"2";"2";65;-1,22265680817872;1,07946154397294;-0,345954970975811;"Safe";"25-35";"Post Graduate"
"126";"2/22/2017 21:59:19";"Female";"25-35";"Lucknow";"Unemployed";"Post Graduate";"4";"3";"4";"2";"4";"3";"4";"3";67,5;0,274997674687787;-0,16443846506522;-0,508487967282115;"Neutral";"25-35";"Post Graduate"
"127";"2/22/2017 22:00:02";"Male";"35-45";"EMI auh";"Consultant";"Masters";"4";"3";"3";"3";"1";"1";"3";"2";50;-1,81596945728403;-0,167890034229549;-0,164693895980349;"Safe";"35-45";"Post Graduate"
"128";"2/22/2017 22:00:38";"Male";"25-35";"Mumbai ";"Employee at an organisation";"Post Graduate";"3";"4";"1";"3";"5";"3";"2";"2";57,5;-0,405119262666478;-1,12850522949616;-0,0330536011153801;"Safe";"25-35";"Post Graduate"
"129";"2/22/2017 22:00:49";"Male";"25-35";"Hyderabad";"Employee at an organisation";"Masters";"3";"2";"3";"1";"2";"2";"3";"3";47,5;-0,708840276826451;-1,42300924207803;-1,0349020334601;"Neutral";"25-35";"Post Graduate"
"130";"2/22/2017 22:01:17";"Male";"15-25";"Pune";"Unemployed";"Post Graduate";"4";"4";"3";"4";"2";"3";"4";"3";67,5;-0,353348156398923;-0,0142230318355791;0,823181467620585;"Neutral";"15-25";"Post Graduate"
"131";"2/22/2017 22:01:38";"Male";"45-55";"LAGOS ";"Employee at an organisation";"Graduate";"4";"4";"5";"5";"2";"4";"5";"5";85;0,576591002670463;0,26157626839492;2,06463885208429;"Unsafe";"45-55";"Graduate"
"132";"2/22/2017 22:01:42";"Male";"15-25";"Mumbai ";"Self Employed";"Graduate";"4";"1";"3";"1";"2";"4";"3";"2";50;0,0376773073540605;-0,709992960816211;-1,4650209185534;"Safe";"15-25";"Graduate"
"133";"2/22/2017 22:03:15";"Male";"15-25";"Mumbai ";"Employee at an organisation";"Graduate";"4";"3";"4";"2";"5";"4";"4";"2";70;0,809789304077111;-0,131914768674288;-0,741556727005479;"Safe";"15-25";"Graduate"
"134";"2/22/2017 22:03:39";"Male";"15-25";"Mumbai ";"Employee at an organisation";"Graduate";"4";"4";"4";"2";"4";"4";"4";"2";70;0,612452172172945;-0,00206682938226092;-0,674194007455799;"Safe";"15-25";"Graduate"
"135";"2/22/2017 22:04:03";"Female";"15-25";"Delhi";"Employee at an organisation";"Graduate";"4";"3";"5";"4";"3";"4";"4";"3";75;0,304347891135863;0,137850817719016;0,852103146390746;"Neutral";"15-25";"Graduate"
"136";"2/22/2017 22:05:17";"Male";"25-35";"Mumbai ";"Employee at an organisation";"Graduate";"5";"4";"5";"1";"5";"4";"5";"2";77,5;1,19556789861361;0,915690895365549;-1,47842402536871;"Safe";"25-35";"Graduate"
"137";"2/22/2017 22:06:02";"Female";"15-25";"Mumbai ";"Student";"Graduate";"5";"4";"4";"2";"4";"4";"4";"4";77,5;0,77815867827976;0,801757513664099;-0,393381586743089;"Unsafe";"15-25";"Graduate"
"138";"2/22/2017 22:06:25";"Male";"45-55";"Mumbai ";"Employee at an organisation";"Post Graduate";"4";"2";"5";"4";"3";"4";"2";"2";65;-0,509494129796861;0,0877353525549007;0,516396340555835;"Safe";"45-55";"Post Graduate"
"139";"2/22/2017 22:09:09";"Male";"15-25";"Mumbai ";"Employee at an organisation";"Masters";"4";"4";"5";"4";"3";"4";"3";"2";72,5;-0,176319091454053;0,355674592775986;0,632532178848493;"Safe";"15-25";"Post Graduate"
"140";"2/22/2017 22:10:41";"Male";"25-35";"Mumbai ";"Employee at an organisation";"Post Graduate";"4";"5";"5";"5";"3";"4";"4";"3";82,5;0,163567216854433;0,534877003295077;1,58224200367308;"Neutral";"25-35";"Post Graduate"
"141";"2/22/2017 22:11:30";"Male";"15-25";"Mumbai ";"Employee at an organisation";"Masters";"2";"3";"4";"2";"2";"4";"4";"2";57,5;0,396241632113687;-1,94110017536037;-0,273226748469911;"Safe";"15-25";"Post Graduate"
"142";"2/22/2017 22:12:30";"Female";"25-35";"Mumbai ";"Employee at an organisation";"Masters";"4";"2";"5";"4";"4";"4";"4";"2";72,5;0,380890092468164;0,043108719490786;0,543263249486948;"Safe";"25-35";"Post Graduate"
"143";"2/22/2017 22:12:52";"Female";"15-25";"Mumbai ";"Student";"Graduate";"5";"4";"3";"1";"3";"3";"3";"1";57,5;-0,464408297199649;0,693130461867446;-1,82170380645895;"Safe";"15-25";"Graduate"
"144";"2/22/2017 22:13:56";"Female";"15-25";"Mumbai ";"Employee at an organisation";"Graduate";"4";"3";"4";"2";"3";"2";"4";"3";62,5;-0,380588885273401;-0,161856320392356;-0,516896384912869;"Neutral";"15-25";"Graduate"
"145";"2/22/2017 22:15:10";"Male";"15-25";"Mumbai ";"Self Employed";"Graduate";"4";"4";"5";"4";"4";"4";"3";"3";77,5;0,132913966463562;0,340939870491581;0,852660652687771;"Neutral";"15-25";"Graduate"
"146";"2/22/2017 22:15:28";"Female";"25-35";"Bahraich";"Working in a government organisation";"Graduate";"4";"3";"4";"2";"3";"4";"3";"3";65;0,202734932497836;-0,175263971375115;-0,481489948844659;"Neutral";"25-35";"Graduate"
"147";"2/22/2017 22:16:34";"Female";"25-35";"Mumbai ";"Employee at an organisation";"Masters";"5";"4";"5";"2";"3";"3";"3";"3";70;-0,352590618205339;1,02438190147195;-0,634111349363812;"Neutral";"25-35";"Post Graduate"
"148";"2/22/2017 22:18:13";"Male";"15-25";"Mumbai ";"Employee at an organisation";"Masters";"3";"4";"5";"4";"4";"3";"3";"3";72,5;-0,258351111114962;-0,510142891230117;1,0250454655377;"Neutral";"15-25";"Post Graduate"
"149";"2/22/2017 22:18:18";"Male";"25-35";"India";"Employee at an organisation";"Graduate";"5";"4";"5";"4";"3";"3";"3";"3";75;-0,598555948534541;1,2175580403384;0,642110301061493;"Neutral";"25-35";"Graduate"
"150";"2/22/2017 22:18:18";"Female";"15-25";"Mumbai ";"Self Employed";"Graduate";"3";"4";"4";"2";"5";"4";"5";"3";75;1,34854163258711;-0,923336452762373;-0,227815793398019;"Neutral";"15-25";"Graduate"
"151";"2/22/2017 22:19:54";"Male";"15-25";"Mumbai ";"Employee at an organisation";"Graduate";"5";"5";"5";"1";"5";"2";"3";"1";67,5;-0,570368996666817;1,21192007324878;-1,78161704142513;"Safe";"15-25";"Graduate"
"152";"2/22/2017 22:22:06";"Male";"25-35";"Mumbai ";"Employee at an organisation";"Graduate";"3";"3";"4";"2";"4";"2";"2";"1";52,5;-1,05980335895374;-0,880311792815818;-0,867273121586372;"Safe";"25-35";"Graduate"
"153";"2/22/2017 22:23:07";"Female";"15-25";"Mumbai ";"Employee at an organisation";"Graduate";"3";"4";"4";"4";"3";"2";"3";"2";62,5;-1,03133784315561;-0,624892431642895;0,741896231965708;"Safe";"15-25";"Graduate"
"154";"2/22/2017 22:23:33";"Female";"15-25";"Mumbai ";"Student";"Graduate";"4";"4";"5";"2";"3";"4";"4";"2";70;0,420619286334786;0,129999577987787;-0,619581665353835;"Safe";"15-25";"Graduate"
"155";"2/22/2017 22:24:40";"Male";"15-25";"Mumbai ";"Student";"UnderGraduate";"5";"5";"2";"2";"3";"4";"4";"3";70;0,466816132788547;0,661836241721044;-0,634023321721774;"Neutral";"15-25";"UnderGraduate"
"156";"2/22/2017 22:28:51";"Male";"25-35";"Mumbai ";"Employee at an organisation";"Graduate";"5";"5";"5";"3";"5";"5";"4";"4";90;1,29846881002552;1,19842002264532;0,332415310722283;"Unsafe";"25-35";"Graduate"
"157";"2/22/2017 22:29:26";"Male";"15-25";"Mumbai ";"Self Employed";"Graduate";"3";"4";"4";"1";"3";"4";"4";"3";65;0,743674995600574;-1,02816788383263;-0,847337017803969;"Neutral";"15-25";"Graduate"
"158";"2/22/2017 22:32:11";"Male";"25-35";"Mumbai ";"Employee at an organisation";"Post Graduate";"4";"3";"4";"2";"4";"3";"3";"2";62,5;-0,196770303343715;-0,0968337480796703;-0,77407295085921;"Safe";"25-35";"Post Graduate"
"159";"2/22/2017 22:33:15";"Male";"25-35";"krishna, A. P.";"Employee at an organisation";"Graduate";"4";"3";"4";"4";"2";"2";"2";"2";57,5;-1,63773336843949;0,111052292602001;0,490981179227205;"Safe";"25-35";"Graduate"
"160";"2/22/2017 22:34:27";"Male";"15-25";"Kalayan";"Employee at an organisation";"Masters";"4";"4";"4";"3";"3";"3";"2";"2";62,5;-0,868063147872119;0,162101136567333;-0,0927072123198532;"Safe";"15-25";"Post Graduate"
"161";"2/22/2017 22:36:42";"Male";"25-35";"Mumbai ";"Employee at an organisation";"Post Graduate";"4";"4";"5";"1";"3";"4";"4";"3";70;0,664396882071252;-0,0016943325092325;-1,01621531321237;"Neutral";"25-35";"Post Graduate"
"162";"2/22/2017 22:36:48";"Female";"25-35";"India";"Employee at an organisation";"Post Graduate";"4";"4";"5";"5";"2";"2";"3";"1";65;-1,54283167976714;0,512903911398127;0,991000287930682;"Safe";"25-35";"Post Graduate"
"163";"2/22/2017 22:36:52";"Female";"15-25";"Mumbai ";"Student";"Graduate";"4";"4";"5";"3";"2";"3";"4";"3";70;-0,237155008219139;0,194063951030078;0,251597919582181;"Neutral";"15-25";"Graduate"
"164";"2/22/2017 22:37:59";"Male";"35-45";"Delhi";"exports ";"Graduate";"3";"4";"4";"2";"2";"2";"2";"3";55;-1,20398875705993;-0,841046654430776;-0,295607343813617;"Neutral";"35-45";"Graduate"
"165";"2/22/2017 22:39:01";"Female";"15-25";"Mumbai ";"Student";"Graduate";"4";"5";"5";"4";"3";"2";"1";"1";62,5;-1,94225598673448;0,651903770659221;0,329339162792077;"Safe";"15-25";"Graduate"
"166";"2/22/2017 22:40:34";"Female";"15-25";"Mumbai ";"Employee at an organisation";"Masters";"4";"3";"4";"4";"3";"4";"5";"4";77,5;0,779510627659774;-0,0821914254159734;1,08442449138072;"Unsafe";"15-25";"Post Graduate"
"167";"2/22/2017 22:40:59";"Female";"15-25";"Mumbai ";"Employee at an organisation";"Graduate";"4";"4";"5";"5";"4";"5";"5";"4";90;1,29982075940554;0,314471083565243;1,81022138884609;"Unsafe";"15-25";"Graduate"
"168";"2/22/2017 22:45:41";"Female";"15-25";"Mumbai ";"Employee at an organisation";"Graduate";"4";"3";"5";"4";"3";"4";"4";"4";77,5;0,425142821707728;0,10274497665522;1,09358032374486;"Unsafe";"15-25";"Graduate"
"169";"2/22/2017 22:46:42";"Female";"25-35";"Lucknow";"Employee at an organisation";"Masters";"3";"4";"1";"3";"4";"4";"3";"3";62,5;0,345359020634711;-1,23943432871336;0,283637207122147;"Neutral";"25-35";"Post Graduate"
"170";"2/22/2017 22:48:15";"Female";"25-35";"Mumbai ";"Teacher";"Post Graduate";"4";"1";"2";"4";"2";"4";"2";"3";55;-0,558054046535107;-0,575273243808026;0,633417289628578;"Neutral";"25-35";"Post Graduate"
"171";"2/22/2017 22:49:44";"Female";"25-35";"Mumbai ";"Employee at an organisation";"Graduate";"4";"2";"5";"4";"3";"4";"4";"3";72,5;0,313246895694278;-0,0123682403524027;0,806089130355905;"Neutral";"25-35";"Graduate"
"172";"2/22/2017 22:50:04";"Female";"15-25";"Mumbai ";"Student";"UnderGraduate";"4";"3";"5";"5";"4";"2";"2";"3";70;-1,26643960683314;0,36571428467965;1,36113541335142;"Neutral";"15-25";"UnderGraduate"
"173";"2/22/2017 22:50:24";"Female";"15-25";"Mumbai ";"Employee at an organisation";"Post Graduate";"4";"4";"4";"3";"4";"5";"5";"1";75;1,18679605651156;0,0741749417407489;-0,223695432228694;"Safe";"15-25";"Post Graduate"
"174";"2/22/2017 22:51:50";"Male";"15-25";"Mumbai ";"Student";"Masters";"4";"4";"3";"4";"3";"4";"3";"2";67,5;-0,169529574469236;0,0507995404771062;0,566004901674245;"Safe";"15-25";"Post Graduate"
"175";"2/22/2017 22:52:39";"Female";"15-25";"Mumbai ";"Employee at an organisation";"Graduate";"4";"4";"4";"2";"4";"3";"3";"3";67,5;-0,0848743773302654;0,018279468927952;-0,486581757470251;"Neutral";"15-25";"Graduate"
"176";"2/22/2017 22:57:37";"Female";"25-35";"Delhi";"Homemaker";"Post Graduate";"5";"4";"5";"4";"3";"3";"3";"3";75;-0,598555948534541;1,2175580403384;0,642110301061493;"Neutral";"25-35";"Post Graduate"
"177";"2/22/2017 23:06:06";"Female";"15-25";"Mumbai ";"Employee at an organisation";"Graduate";"4";"5";"5";"4";"3";"4";"4";"2";77,5;0,165754951447169;0,473394774925651;0,702654001106311;"Safe";"15-25";"Graduate"
"178";"2/22/2017 23:08:16";"Female";"25-35";"Mumbai ";"Employee at an organisation";"Post Graduate";"4";"4";"4";"4";"4";"3";"3";"2";70;-0,451634638231332;0,246561448858194;0,548162715600936;"Safe";"25-35";"Post Graduate"
"179";"2/22/2017 23:09:02";"Female";"15-25";"Mumbai ";"Working in a government organisation";"Masters";"4";"4";"4";"4";"2";"2";"3";"2";62,5;-1,29565932553827;0,228772474751667;0,561103001485022;"Safe";"15-25";"Post Graduate"
"180";"2/22/2017 23:11:56";"Female";"15-25";"Mumbai ";"Employee at an organisation";"Graduate";"3";"2";"4";"2";"3";"2";"4";"2";55;-0,416601456249937;-1,15100556257393;-0,602245644306303;"Safe";"15-25";"Graduate"
"181";"2/22/2017 23:18:39";"Male";"25-35";"Mumbai ";"Self Employed";"UnderGraduate";"1";"2";"4";"2";"1";"4";"3";"2";47,5;-0,0583871830963723;-2,95322750146338;-0,119857933217364;"Safe";"25-35";"UnderGraduate"
"182";"2/22/2017 23:20:05";"Male";"35-45";"Mumbai ";"Employee at an organisation";"UnderGraduate";"4";"4";"4";"3";"2";"2";"2";"3";60;-1,40285477726144;0,129577440176401;0,140361547403511;"Neutral";"35-45";"UnderGraduate"
"183";"2/22/2017 23:21:23";"Male";"45-55";"Bangalore";"Employee at an organisation";"Graduate";"4";"4";"4";"2";"4";"4";"4";"2";70;0,612452172172945;-0,00206682938226092;-0,674194007455799;"Safe";"45-55";"Graduate"
"184";"2/22/2017 23:24:10";"Male";"15-25";"Mumbai ";"Student";"Graduate";"4";"5";"5";"4";"2";"3";"4";"1";70;-0,610626539085883;0,511082760662313;0,45276840612144;"Safe";"15-25";"Graduate"
"185";"2/22/2017 23:31:42";"Male";"15-25";"Mumbai ";"Student";"UnderGraduate";"4";"4";"5";"1";"3";"3";"2";"3";62,5;-0,504697645463461;0,0862566827865305;-1,09418804680392;"Neutral";"15-25";"UnderGraduate"
"186";"2/22/2017 23:34:43";"Female";"15-25";"Kolkata";"Student";"UnderGraduate";"4";"3";"4";"2";"4";"4";"4";"2";67,5;0,62135117673136;-0,15228588745368;-0,72020802349064;"Safe";"15-25";"UnderGraduate"
"187";"2/22/2017 23:35:37";"Female";"15-25";"Mumbai ";"Employee at an organisation";"Post Graduate";"5";"4";"5";"1";"2";"2";"1";"2";55;-1,70793553849307;1,0304795696189;-1,57032338200729;"Safe";"15-25";"Post Graduate"
"188";"2/22/2017 23:38:50";"Female";"15-25";"Mumbai ";"Employee at an organisation";"Graduate";"4";"4";"4";"4";"3";"3";"3";"3";70;-0,519277835005218;0,191084489015006;0,810988596469893;"Neutral";"15-25";"Graduate"
"189";"2/22/2017 23:43:35";"Male";"25-35";"Mumbai ";"Employee at an organisation";"Post Graduate";"5";"4";"3";"5";"4";"3";"3";"1";70;-0,767900830512303;1,09985385837973;0,709390790876822;"Safe";"25-35";"Post Graduate"
"190";"2/22/2017 23:50:21";"Male";"25-35";"Mumbai ";"Employee at an organisation";"Post Graduate";"5";"4";"5";"4";"2";"4";"3";"3";75;-0,319845643264854;1,17423365810675;0,693216125721925;"Neutral";"25-35";"Post Graduate"
"191";"2/22/2017 23:54:00";"Male";"15-25";"Mumbai ";"Employee at an organisation";"Post Graduate";"4";"4";"5";"4";"4";"4";"4";"3";80;0,483887013923199;0,308440994569827;0,876768458910748;"Neutral";"15-25";"Post Graduate"
"192";"2/22/2017 23:59:45";"Female";"15-25";"Mumbai ";"Employee at an organisation";"Graduate";"4";"5";"4";"2";"3";"4";"4";"3";72,5;0,535909970840645;0,0926752688459695;-0,365354110552001;"Neutral";"15-25";"Graduate"
"193";"2/23/2017 0:06:29";"Female";"15-25";"Mumbai ";"Student";"Post Graduate";"3";"2";"4";"2";"3";"4";"2";"1";52,5;-0,305045616510201;-1,09680849657114;-0,832424191815187;"Safe";"15-25";"Post Graduate"
"194";"2/23/2017 0:11:04";"Male";"25-35";"Mumbai ";"Employee at an organisation";"Graduate";"3";"3";"4";"3";"4";"4";"3";"3";67,5;0,3440737497159;-0,932340808336455;0,337414106848679;"Neutral";"25-35";"Graduate"
"195";"2/23/2017 0:22:17";"Male";"15-25";"Mumbai ";"Student";"Post Graduate";"4";"4";"4";"4";"3";"3";"3";"2";67,5;-0,640072765577082;0,226190330078802;0,569511419115776;"Safe";"15-25";"Post Graduate"
"196";"2/23/2017 0:41:07";"Female";"15-25";"India";"Employee at an organisation";"Graduate";"4";"3";"4";"4";"3";"3";"3";"4";70;-0,389583899874939;0,00575958987978963;1,00645175778917;"Unsafe";"15-25";"Graduate"
"197";"2/23/2017 0:46:03";"Female";"15-25";"Mumbai ";"Student";"Graduate";"4";"4";"5";"5";"2";"3";"4";"4";77,5;-0,362325407976476;0,352134248832726;1,7692967473616;"Unsafe";"15-25";"Graduate"
"198";"2/23/2017 0:54:39";"Male";"25-35";"Delhi";"Employee at an organisation";"Post Graduate";"4";"3";"4";"2";"5";"4";"2";"2";65;0,107843209157836;-0,0669170168307818;-0,789772339451433;"Safe";"25-35";"Post Graduate"
"199";"2/23/2017 0:58:02";"Male";"25-35";"Mumbai ";"Employee at an organisation";"Graduate";"4";"3";"5";"2";"2";"4";"5";"2";67,5;0,592053211007088;-0,073089474784777;-0,62013917165086;"Safe";"25-35";"Graduate"
"200";"2/23/2017 1:06:42";"Male";"45-55";"Mumbai ";"Employee at an organisation";"Post Graduate";"5";"4";"4";"4";"1";"1";"1";"2";55;-2,72907533545565;1,17038839644199;0,302337037412791;"Safe";"45-55";"Post Graduate"
"201";"2/23/2017 1:45:15";"Male";"15-25";"Mumbai ";"Self Employed";"Graduate";"4";"3";"3";"1";"3";"5";"2";"3";60;0,445287741310646;-0,414743954488281;-1,14721509772182;"Neutral";"15-25";"Graduate"
"202";"2/23/2017 2:13:30";"Male";"15-25";"Kolkata";"Unemployed";"Graduate";"4";"4";"5";"1";"4";"4";"3";"3";70;0,501861961957365;0,0511756621919125;-1,06167182295019;"Neutral";"15-25";"Graduate"
"203";"2/23/2017 2:26:53";"Male";"25-35";"Mumbai ";"Employee at an organisation";"Graduate";"5";"4";"4";"3";"4";"4";"4";"3";77,5;0,534381082543295;0,933451424161119;0,00325206111544625;"Neutral";"25-35";"Graduate"
"204";"2/23/2017 2:31:46";"Male";"25-35";"Ipswich";"Employee at an organisation";"Graduate";"4";"3";"5";"4";"2";"2";"2";"2";60;-1,6411281269319;0,263489818751441;0,524244817814329;"Safe";"25-35";"Graduate"
"205";"2/23/2017 2:34:01";"Male";"45-55";"Mumbai ";"Employee at an organisation";"Graduate";"4";"4";"4";"3";"4";"4";"4";"3";75;0,610264437580209;0,0594153989871649;0,205393995110971;"Neutral";"45-55";"Graduate"
"206";"2/23/2017 3:08:50";"Male";"55+";"Panjab";"Unemployed";"Masters";"4";"4";"4";"3";"4";"4";"4";"4";77,5;0,731059368152073;0,024309557923368;0,446871172465089;"Unsafe";"45-55";"Post Graduate"
"207";"2/23/2017 3:12:13";"Male";"25-35";"Mumbai ";"Employee at an organisation";"Graduate";"4";"5";"4";"4";"3";"3";"3";"4";75;-0,407381908991769;0,306197706022628;1,09847978985885;"Unsafe";"25-35";"Graduate"
"208";"2/23/2017 5:48:51";"Female";"25-35";"Mumbai ";"Employee at an organisation";"Graduate";"3";"2";"4";"2";"2";"2";"3";"2";50;-0,956012631055325;-1,13887780543157;-0,60500474701444;"Safe";"25-35";"Graduate"
"209";"2/23/2017 6:18:17";"Male";"15-25";"Mumbai ";"Student";"UnderGraduate";"2";"2";"4";"3";"2";"2";"3";"2";50;-1,00311194118301;-1,9163257611723;0,235248012193738;"Safe";"15-25";"UnderGraduate"
"210";"2/23/2017 6:18:18";"Male";"15-25";"Mumbai ";"Student";"UnderGraduate";"2";"2";"4";"3";"2";"2";"3";"2";50;-1,00311194118301;-1,9163257611723;0,235248012193738;"Safe";"15-25";"UnderGraduate"
"211";"2/23/2017 6:36:29";"Male";"25-35";"Mumbai ";"Employee at an organisation";"Post Graduate";"5";"3";"5";"4";"4";"4";"2";"4";77,5;-0,164248500902711;1,06214987245207;0,821874073788546;"Unsafe";"25-35";"Post Graduate"
"212";"2/23/2017 7:28:58";"Male";"25-35";"Mumbai ";"Employee at an organisation";"Post Graduate";"4";"4";"4";"3";"4";"4";"4";"3";75;0,610264437580209;0,0594153989871649;0,205393995110971;"Neutral";"25-35";"Post Graduate"
"213";"2/23/2017 7:49:01";"Female";"25-35";"Mumbai ";"Employee at an organisation";"Post Graduate";"4";"4";"4";"1";"5";"5";"4";"2";72,5;1,39102139729873;-0,101237043488348;-1,3038964150377;"Safe";"25-35";"Post Graduate"
"214";"2/23/2017 8:08:07";"Female";"15-25";"Mumbai ";"Self Employed";"Post Graduate";"1";"4";"4";"5";"1";"1";"1";"4";52,5;-2,30693471932886;-2,29937931694819;2,23196995331578;"Unsafe";"15-25";"Post Graduate"
"215";"2/23/2017 8:14:27";"Female";"25-35";"Vancouver ";"Employee at an organisation";"Masters";"4";"4";"5";"3";"3";"2";"2";"2";62,5;-1,33860633897996;0,337491926169029;-0,0892006948783222;"Safe";"25-35";"Post Graduate"
"216";"2/23/2017 8:16:51";"Male";"25-35";"Mumbai ";"Self Employed";"Post Graduate";"4";"2";"5";"3";"4";"3";"2";"2";62,5;-0,665221769901947;0,0344716653533263;-0,17282030931725;"Safe";"25-35";"Post Graduate"
"217";"2/23/2017 8:47:17";"Male";"25-35";"Delhi";"Employee at an organisation";"Graduate";"3";"3";"4";"3";"3";"4";"4";"2";65;0,385813739257923;-0,950104961973803;0,141393439232377;"Safe";"25-35";"Graduate"
"218";"2/23/2017 8:56:01";"Female";"15-25";"Mumbai ";"Self Employed";"Post Graduate";"4";"4";"4";"4";"4";"5";"5";"3";82,5;1,30540325249068;0,100551329046378;0,897369747692193;"Neutral";"15-25";"Post Graduate"
"219";"2/23/2017 9:12:50";"Male";"45-55";"Mumbai ";"Employee at an organisation";"Graduate";"4";"3";"5";"3";"4";"3";"3";"2";67,5;-0,323147727000725;0,152191847502992;-0,102698487059433;"Safe";"45-55";"Graduate"
"220";"2/23/2017 9:24:41";"Female";"25-35";"Mumbai ";"Employee at an organisation";"Post Graduate";"5";"4";"4";"3";"3";"4";"2";"2";67,5;-0,476798070293595;1,01318389828903;-0,265092025169785;"Safe";"25-35";"Post Graduate"
"221";"2/23/2017 9:27:41";"Male";"25-35";"Mumbai ";"Employee at an organisation";"Masters";"4";"3";"4";"2";"3";"4";"4";"2";65;0,43291304938561;-0,172657006233072;-0,6988593199758;"Safe";"25-35";"Post Graduate"
"222";"2/23/2017 9:29:19";"Female";"25-35";"Pune";"Employee at an organisation";"PhD";"5";"4";"5";"4";"4";"5";"3";"2";80;0,403384113470221;1,22712847327708;0,438798662483722;"Safe";"25-35";"Post Graduate"
"223";"2/23/2017 9:30:39";"Female";"35-45";"Pune";"Self Employed";"Masters";"5";"4";"5";"5";"5";"5";"5";"5";97,5;1,53317046228624;1,17377238645479;1,82820792868984;"Unsafe";"35-45";"Post Graduate"
"224";"2/23/2017 9:39:36";"Female";"15-25";"Mumbai ";"Student";"Graduate";"4";"5";"4";"4";"3";"3";"4";"4";77,5;-0,0564088615321309;0,273698830100875;1,12258759608183;"Unsafe";"15-25";"Graduate"
"225";"2/23/2017 9:42:59";"Male";"25-35";"Mumbai ";"Employee at an organisation";"Graduate";"4";"4";"5";"5";"4";"4";"5";"4";87,5;0,8326723267901;0,3374243470175;1,78046426770049;"Unsafe";"25-35";"Graduate"
"226";"2/23/2017 9:51:20";"Female";"45-55";"Mumbai ";"Self Employed";"Graduate";"3";"4";"4";"3";"4";"3";"4";"3";70;0,218999360001685;-0,791667362734533;0,377778807960903;"Neutral";"45-55";"Graduate"
"227";"2/23/2017 10:02:46";"Male";"25-35";"Mumbai ";"Employee at an organisation";"Post Graduate";"5";"4";"5";"3";"3";"2";"2";"2";65;-1,41448969401688;1,21152795134298;-0,291342628873847;"Safe";"25-35";"Post Graduate"
"228";"2/23/2017 10:05:09";"Female";"25-35";"Mumbai ";"Unemployed";"Masters";"5";"4";"5";"4";"2";"3";"3";"2";70;-0,907789006452156;1,2322927626228;0,421981827222215;"Safe";"25-35";"Post Graduate"
"229";"2/23/2017 10:07:44";"Female";"25-35";"FATEHPUR ";"Homemaker";"Graduate";"4";"4";"5";"2";"3";"4";"4";"2";70;0,420619286334786;0,129999577987787;-0,619581665353835;"Safe";"25-35";"Graduate"
"230";"2/23/2017 10:12:36";"Female";"15-25";"Mumbai ";"Student";"UnderGraduate";"4";"5";"4";"5";"4";"5";"4";"4";87,5;0,943343465879894;0,344751491408976;1,79886396007083;"Unsafe";"15-25";"UnderGraduate"
"231";"2/23/2017 10:14:31";"Male";"15-25";"Mumbai ";"Student";"UnderGraduate";"4";"3";"4";"2";"4";"3";"4";"2";65;0,154202744115923;-0,129332624001424;-0,749965144636233;"Safe";"15-25";"UnderGraduate"
"232";"2/23/2017 10:33:08";"Male";"25-35";"Mumbai ";"Employee at an organisation";"Post Graduate";"1";"1";"1";"1";"4";"4";"4";"3";47,5;1,12076112217262;-3,66383856806372;-0,702234817193655;"Neutral";"25-35";"Post Graduate"
"233";"2/23/2017 10:33:14";"Female";"15-25";"Mumbai ";"Employee at an organisation";"Graduate";"3";"3";"2";"1";"1";"4";"4";"1";47,5;0,140897401308576;-1,45379254963411;-1,40013525869161;"Safe";"15-25";"Graduate"
"234";"2/23/2017 10:33:22";"Male";"15-25";"Mumbai ";"Student";"Post Graduate";"4";"3";"4";"3";"3";"3";"2";"2";60;-0,859164143313704;0,0118820784959139;-0,138721228354694;"Safe";"15-25";"Post Graduate"
"235";"2/23/2017 10:47:46";"Male";"15-25";"Mumbai ";"Student";"Post Graduate";"3";"1";"3";"1";"2";"2";"2";"3";42,5;-1,05091431972767;-1,5407294242277;-1,10502385571792;"Neutral";"15-25";"Post Graduate"
"236";"2/23/2017 10:52:53";"Male";"35-45";"Mumbai ";"Employee at an organisation";"Masters";"4";"4";"5";"3";"5";"5";"5";"3";85;1,61342928650863;0,176771904541987;0,271173857551826;"Neutral";"35-45";"Post Graduate"
"237";"2/23/2017 10:57:03";"Male";"15-25";"Mumbai ";"Employee at an organisation";"Graduate";"3";"4";"4";"2";"2";"2";"2";"2";52,5;-1,32478368763179;-0,805940813366979;-0,537084521167734;"Safe";"15-25";"Graduate"
"238";"2/23/2017 11:03:53";"Female";"15-25";"Mumbai ";"Student";"Graduate";"4";"5";"4";"4";"4";"4";"5";"2";80;0,708560884744966;0,30882949163385;0,672149465227324;"Safe";"15-25";"Graduate"
"239";"2/23/2017 11:14:10";"Female";"25-35";"Mumbai ";"Employee at an organisation";"Graduate";"5";"3";"4";"2";"3";"3";"3";"1";60;-0,581886716298244;0,791936999378689;-1,19634335869401;"Safe";"25-35";"Graduate"
"240";"2/23/2017 11:25:49";"Male";"15-25";"Mumbai ";"Student";"UnderGraduate";"2";"2";"2";"1";"3";"2";"2";"1";37,5;-1,03368694455474;-2,32640111657269;-1,39443460249775;"Safe";"15-25";"UnderGraduate"
"241";"2/23/2017 11:41:28";"Male";"15-25";"Mumbai ";"Student";"UnderGraduate";"5";"5";"2";"2";"3";"4";"4";"3";70;0,466816132788547;0,661836241721044;-0,634023321721774;"Neutral";"15-25";"UnderGraduate"
"242";"2/23/2017 11:50:41";"Female";"15-25";"Mumbai ";"Student";"UnderGraduate";"2";"4";"2";"5";"3";"2";"3";"4";62,5;-0,830057775154747;-1,7774271218101;1,99857606870787;"Unsafe";"15-25";"UnderGraduate"
"243";"2/23/2017 12:09:47";"Female";"15-25";"Mumbai ";"Employee at an organisation";"Graduate";"4";"4";"4";"3";"4";"4";"4";"2";72,5;0,489469507008344;0,0945212400509618;-0,0360831822431463;"Safe";"15-25";"Graduate"
"244";"2/23/2017 12:11:48";"Male";"15-25";"Mumbai ";"Student";"UnderGraduate";"2";"3";"3";"2";"2";"5";"2";"1";50;0,0440437977303937;-2,01638737205476;-0,566426055711513;"Safe";"15-25";"UnderGraduate"
"245";"2/23/2017 12:14:33";"Male";"15-25";"Mumbai ";"Student";"UnderGraduate";"3";"3";"3";"3";"3";"3";"3";"3";60;-0,30811805175288;-1,08219618981303;0,295742050630801;"Neutral";"15-25";"UnderGraduate"
"246";"2/23/2017 12:14:34";"Male";"15-25";"India";"Self Employed";"Graduate";"4";"3";"4";"2";"3";"3";"3";"2";60;-0,385208430689465;-0,117204866859062;-0,75272424734437;"Safe";"15-25";"Graduate"
"247";"2/23/2017 12:19:24";"Female";"25-35";"Mumbai ";"Employee at an organisation";"Masters";"5";"2";"5";"5";"4";"5";"4";"5";87,5;1,01155729659768;0,885462027454316;1,73342079391202;"Unsafe";"25-35";"Post Graduate"
"248";"2/23/2017 12:24:03";"Female";"15-25";"Mumbai ";"Student";"UnderGraduate";"3";"3";"4";"3";"3";"4";"3";"4";67,5;0,276430552942014;-0,987817768179644;0,600239987717635;"Unsafe";"15-25";"UnderGraduate"
"249";"2/23/2017 12:28:05";"Male";"25-35";"India";"Employee at an organisation";"Post Graduate";"4";"4";"3";"2";"4";"4";"4";"3";70;0,736641861237218;-0,189610196595497;-0,465980468688806;"Neutral";"25-35";"Post Graduate"
"250";"2/23/2017 12:30:26";"Male";"15-25";"Mumbai ";"Employee at an organisation";"Graduate";"4";"4";"4";"2";"3";"2";"2";"2";57,5;-1,21222891532296;0,0884663305863668;-0,760575158678099;"Safe";"15-25";"Graduate"
"251";"2/23/2017 12:33:36";"Female";"15-25";"Delhi";"Student";"Post Graduate";"5";"4";"1";"5";"3";"4";"3";"3";70;-0,24081114711407;0,681442741721607;1,17692369307124;"Neutral";"15-25";"Post Graduate"
"252";"2/23/2017 12:38:43";"Male";"15-25";"Mumbai ";"Unemployed";"Post Graduate";"4";"4";"5";"4";"3";"4";"3";"2";72,5;-0,176319091454053;0,355674592775986;0,632532178848493;"Safe";"15-25";"Post Graduate"
"253";"2/23/2017 13:06:38";"Male";"25-35";"Mumbai ";"Employee at an organisation";"Post Graduate";"4";"4";"5";"1";"4";"5";"5";"3";77,5;1,67095648949208;-0,0367753531038505;-0,98369908935864;"Neutral";"25-35";"Post Graduate"
"254";"2/23/2017 13:11:46";"Male";"15-25";"Mumbai ";"Unemployed";"Post Graduate";"4";"4";"4";"3";"3";"2";"3";"2";62,5;-0,984238533027919;0,152555524097836;-0,0983565272424697;"Safe";"15-25";"Post Graduate"
"255";"2/23/2017 13:14:18";"Female";"25-35";"Mumbai ";"Employee at an organisation";"Post Graduate";"4";"5";"5";"3";"4";"5";"4";"3";82,5;1,06511910714482;0,339118719755767;0,314428770878529;"Neutral";"25-35";"Post Graduate"
"256";"2/23/2017 13:14:45";"Male";"15-25";"Mumbai ";"Student";"UnderGraduate";"3";"3";"3";"3";"3";"3";"3";"3";60;-0,30811805175288;-1,08219618981303;0,295742050630801;"Neutral";"15-25";"UnderGraduate"
"257";"2/23/2017 13:16:51";"Male";"25-35";"Mumbai ";"Employee at an organisation";"Post Graduate";"5";"3";"5";"1";"4";"5";"5";"4";80;1,72476706958544;0,651935772934888;-0,990377862034888;"Unsafe";"25-35";"Post Graduate"
"258";"2/23/2017 13:24:08";"Male";"15-25";"Mumbai ";"Student";"UnderGraduate";"3";"3";"3";"3";"3";"3";"3";"3";60;-0,30811805175288;-1,08219618981303;0,295742050630801;"Neutral";"15-25";"UnderGraduate"
"259";"2/23/2017 13:30:50";"Female";"15-25";"Mumbai ";"Employee at an organisation";"Post Graduate";"4";"2";"4";"3";"5";"4";"4";"2";70;0,695705643470925;-0,185545757312485;-0,149459917827668;"Safe";"15-25";"Post Graduate"
"260";"2/23/2017 13:35:57";"Male";"15-25";"Mumbai ";"Employee at an organisation";"Post Graduate";"4";"3";"4";"3";"4";"5";"5";"3";77,5;1,4372849222137;-0,146255798458264;0,2132449064447;"Neutral";"15-25";"Post Graduate"
"261";"2/23/2017 13:44:03";"Male";"25-35";"Gurgaon";"Employee at an organisation";"Post Graduate";"4";"3";"4";"2";"2";"2";"1";"2";50;-1,74274108556993;-0,0496249703426908;-0,809348277421077;"Safe";"25-35";"Post Graduate"
"262";"2/23/2017 14:19:33";"Male";"15-25";"India";"Employee at an organisation";"Post Graduate";"4";"4";"4";"3";"2";"5";"4";"3";72,5;0,700536615504145;-0,0042801020238751;0,277848523286243;"Neutral";"15-25";"Post Graduate"
"263";"2/23/2017 14:21:37";"Female";"15-25";"Mumbai ";"Student";"UnderGraduate";"3";"4";"4";"2";"3";"2";"4";"3";62,5;-0,313604534794902;-0,885673287494891;-0,268740434882503;"Neutral";"15-25";"UnderGraduate"
"264";"2/23/2017 14:24:09";"Female";"15-25";"Mumbai ";"Student";"Graduate";"3";"4";"4";"4";"4";"4";"4";"4";77,5;0,683960058024386;-0,753138397817363;1,28712393167327;"Unsafe";"15-25";"Graduate"
"265";"2/23/2017 14:26:47";"Female";"15-25";"Mumbai ";"Student";"Post Graduate";"4";"3";"4";"4";"3";"3";"3";"3";67,5;-0,510378830446803;0,0408654309435865;0,764974580435052;"Neutral";"15-25";"Post Graduate"
"266";"2/23/2017 14:30:54";"Male";"35-45";"Mumbai ";"Employee at an organisation";"Post Graduate";"4";"3";"5";"4";"4";"5";"4";"3";80;0,959934451097052;0,135268673046152;0,8605115640215;"Neutral";"35-45";"Post Graduate"
"267";"2/23/2017 15:05:49";"Female";"25-35";"Sangli";"Unemployed";"Post Graduate";"4";"3";"4";"2";"3";"2";"3";"3";60;-0,731561932733039;-0,129357444470602;-0,541004191135846;"Neutral";"25-35";"Post Graduate"
"268";"2/23/2017 15:16:46";"Female";"25-35";"Mumbai ";"Employee at an organisation";"Post Graduate";"3";"4";"4";"2";"4";"4";"5";"3";72,5;1,16010350524136;-0,943707571541765;-0,20646708988318;"Neutral";"25-35";"Post Graduate"
"269";"2/23/2017 15:20:16";"Female";"25-35";"Ipswich";"Unemployed";"Post Graduate";"5";"5";"4";"2";"3";"2";"4";"2";67,5;-0,595065179999009;1,04772366198823;-0,86848746419283;"Safe";"25-35";"Post Graduate"
"270";"2/23/2017 15:54:46";"Male";"25-35";"India";"Employee at an organisation";"Graduate";"4";"4";"4";"3";"3";"3";"3";"2";65;-0,517090100412481;0,12960226064558;-0,0685994060968766;"Safe";"25-35";"Graduate"
"271";"2/23/2017 17:56:46";"Male";"25-35";"Mumbai ";"Employee at an organisation";"Graduate";"4";"4";"4";"4";"2";"4";"2";"4";70;-0,470745646623304;0,145153141641314;1,07946379226147;"Unsafe";"25-35";"Graduate"
"272";"2/23/2017 19:00:57";"Female";"15-25";"Mumbai ";"Self Employed";"Post Graduate";"4";"1";"4";"1";"5";"2";"2";"2";52,5;-0,685672981791609;-0,41803667550233;-1,57942543902495;"Safe";"15-25";"Post Graduate"
"273";"2/23/2017 19:47:25";"Male";"25-35";"Mumbai ";"Employee at an organisation";"Post Graduate";"4";"4";"5";"2";"5";"5";"5";"3";82,5;1,73641195167323;0,0801838351087639;-0,366936967660827;"Neutral";"25-35";"Post Graduate"
"274";"2/23/2017 20:02:44";"Male";"15-25";"Mumbai ";"Employee at an organisation";"Post Graduate";"2";"2";"1";"2";"2";"2";"2";"2";37,5;-1,22091804800082;-2,43772753313209;-0,526761535003264;"Safe";"15-25";"Post Graduate"
"275";"2/23/2017 20:09:21";"Female";"15-25";"Mumbai ";"Employee at an organisation";"Graduate";"4";"4";"5";"3";"4";"4";"2";"2";70;-0,215871346403339;0,311956518043908;-0,0510351561019754;"Safe";"15-25";"Graduate"
"276";"2/23/2017 20:09:22";"Female";"15-25";"Mumbai ";"Employee at an organisation";"Graduate";"4";"4";"5";"3";"4";"4";"2";"2";70;-0,215871346403339;0,311956518043908;-0,0510351561019754;"Safe";"15-25";"Graduate"
"277";"2/23/2017 20:31:31";"Male";"25-35";"Mumbai ";"Employee at an organisation";"Masters";"2";"3";"4";"1";"1";"2";"2";"1";40;-1,42625172078948;-1,91204924376117;-1,23919590225898;"Safe";"25-35";"Post Graduate"
"278";"2/23/2017 20:50:30";"Male";"25-35";"India";"Employee at an organisation";"Masters";"5";"4";"3";"3";"3";"4";"5";"2";72,5;0,579515830577726;0,763249744374331;-0,226032245087979;"Safe";"25-35";"Post Graduate"
"279";"2/23/2017 20:50:36";"Male";"35-45";"India";"Employee at an organisation";"Post Graduate";"4";"3";"5";"2";"4";"4";"3";"3";70;0,387778301351178;-0,00245532644628395;-0,469575013772375;"Neutral";"35-45";"Post Graduate"
"280";"2/23/2017 20:56:12";"Male";"35-45";"Chennai";"Employee at an organisation";"Post Graduate";"5";"5";"5";"2";"3";"4";"4";"1";72,5;0,215041996167593;1,18936050229696;-1,01718676066864;"Safe";"35-45";"Post Graduate"
"281";"2/23/2017 20:58:16";"Female";"25-35";"Mumbai ";"Employee at an organisation";"Post Graduate";"5";"3";"5";"2";"3";"3";"3";"2";65;-0,464486544218788;0,909268684464332;-0,921602542752771;"Safe";"25-35";"Post Graduate"
"282";"2/23/2017 21:06:59";"Male";"15-25";"Mumbai ";"Employee at an organisation";"Post Graduate";"5";"4";"5";"5";"3";"4";"5";"3";85;0,447555913835571;1,22619509447586;1,35819385986569;"Neutral";"15-25";"Post Graduate"
"283";"2/23/2017 21:46:41";"Male";"35-45";"India";"Employee at an organisation";"Masters";"3";"4";"4";"4";"4";"4";"5";"3";77,5;0,914138174912159;-0,75053143267532;1,06975456054213;"Neutral";"35-45";"Post Graduate"
"284";"2/23/2017 22:25:39";"Male";"15-25";"Mumbai ";"Student";"Graduate";"5";"3";"5";"1";"2";"5";"5";"2";70;1,10630095375021;0,681405217503698;-1,43063480971344;"Safe";"15-25";"Graduate"
"285";"2/23/2017 22:41:23";"Male";"15-25";"Mumbai ";"Student";"UnderGraduate";"3";"3";"4";"2";"4";"5";"5";"3";72,5;1,63615094241521;-1,11687989306544;-0,222723984772427;"Neutral";"15-25";"UnderGraduate"
"286";"2/23/2017 23:14:36";"Female";"15-25";"Mumbai ";"Student";"Graduate";"3";"4";"4";"3";"3";"2";"2";"2";57,5;-1,25932822545064;-0,688981625154365;0,0796776005300786;"Safe";"15-25";"Graduate"
"287";"2/23/2017 23:56:29";"Female";"25-35";"UK";"Employee at an organisation";"Post Graduate";"4";"4";"5";"4";"3";"3";"2";"3";70;-0,873645640957264;0,376020891086199;0,820144428834041;"Neutral";"25-35";"Post Graduate"
"288";"2/24/2017 1:11:56";"Female";"25-35";"Mumbai ";"Employee at an organisation";"Masters";"4";"3";"4";"2";"2";"3";"2";"2";55;-0,924619605494854;-0,105077109716701;-0,755483350052507;"Safe";"25-35";"Post Graduate"
"289";"2/24/2017 10:03:25";"Male";"15-25";"Vadodara";"Employee at an organisation";"Post Graduate";"4";"4";"3";"2";"3";"3";"3";"2";60;-0,390712676755472;-0,119423334937083;-0,739973869896653;"Safe";"15-25";"Post Graduate"
"290";"2/24/2017 14:03:53";"Female";"35-45";"Bangalore";"Working in a government organisation";"Post Graduate";"2";"4";"4";"5";"3";"4";"3";"4";72,5;0,0974495730913108;-1,51845859641573;2,12461758817331;"Unsafe";"35-45";"Post Graduate"
"291";"2/24/2017 15:26:49";"Male";"25-35";"India";"Student";"UnderGraduate";"5";"4";"4";"3";"3";"3";"4";"3";72,5;-0,121205477417893;0,936033568833984;-0,00515635651530737;"Neutral";"25-35";"UnderGraduate"
"292";"2/24/2017 17:18:09";"Female";"15-25";"Mumbai ";"Student";"UnderGraduate";"4";"4";"4";"4";"2";"2";"2";"3";62,5;-1,52583744242604;0,226165509609624;0,778472372616163;"Neutral";"15-25";"UnderGraduate"
"293";"2/24/2017 18:37:25";"Female";"45-55";"Mumbai ";"unemployed ";"Graduate";"4";"4";"5";"4";"4";"2";"3";"3";72,5;-0,801382898767314;0,386846397396094;0,793146410396585;"Neutral";"45-55";"Graduate"
"294";"2/24/2017 19:27:19";"Male";"25-35";"Canterbury";"Student";"Masters";"3";"3";"4";"2";"3";"2";"2";"2";52,5;-1,12744655572763;-0,935788752659006;-0,604447240717415;"Safe";"25-35";"Post Graduate"
"295";"2/24/2017 23:02:52";"Male";"35-45";"Mumbai ";"Employee at an organisation";"Post Graduate";"4";"3";"5";"2";"3";"3";"4";"2";65;-0,0376301417222364;0,00273378336862444;-0,695352802534269;"Safe";"35-45";"Post Graduate"
"296";"2/25/2017 9:50:30";"Male";"25-35";"Mumbai ";"Employee at an organisation";"Post Graduate";"5";"4";"5";"4";"4";"5";"5";"4";90;1,34692006953322;1,09191903930597;0,96996862963791;"Unsafe";"25-35";"Post Graduate"
"297";"2/25/2017 12:03:13";"Male";"15-25";"Rewari";"Student";"UnderGraduate";"3";"4";"1";"4";"5";"5";"5";"3";75;1,57990901035057;-1,2104261557965;0,978372062411506;"Neutral";"15-25";"UnderGraduate"
"298";"2/25/2017 18:55:42";"Male";"15-25";"Bangalore";"Employee at an organisation";"UnderGraduate";"5";"4";"5";"2";"5";"5";"5";"2";82,5;1,53973366606445;0,989325701346515;-0,810556079010469;"Safe";"15-25";"UnderGraduate"
"299";"2/25/2017 20:41:05";"Female";"25-35";"India";"Employee at an organisation";"Masters";"5";"4";"5";"2";"5";"3";"5";"4";82,5;0,847026661977302;0,965020546123434;-0,387115966593421;"Unsafe";"25-35";"Post Graduate"
"300";"2/25/2017 20:41:44";"Female";"35-45";"India";"Self Employed";"Post Graduate";"4";"4";"5";"3";"2";"3";"4";"3";70;-0,237155008219139;0,194063951030078;0,251597919582181;"Neutral";"35-45";"Post Graduate"
"301";"2/26/2017 11:39:40";"Female";"15-25";"Kolkata";"Student";"UnderGraduate";"4";"4";"4";"4";"4";"4";"4";"2";75;0,366486841843743;0,191109309484184;0,602027642969506;"Safe";"15-25";"UnderGraduate"
"302";"2/26/2017 11:53:02";"Male";"35-45";"Mumbai ";"Employee at an organisation";"Graduate";"5";"5";"5";"4";"5";"5";"5";"3";92,5;1,4056642617487;1,29761505722058;0,753156764803794;"Neutral";"35-45";"Graduate"
"303";"2/26/2017 22:25:47";"Male";"25-35";"Mumbai ";"Employee at an organisation";"Post Graduate";"5";"5";"4";"2";"2";"4";"3";"2";67,5;-0,200179489573522;1,01394489222608;-0,81173232460978;"Safe";"25-35";"Post Graduate"
"304";"2/27/2017 7:12:28";"Male";"25-35";"Mumbai ";"Employee at an organisation";"Post Graduate";"5";"3";"4";"3";"3";"3";"3";"2";65;-0,584074450890981;0,853419227748115;-0,316755356127242;"Safe";"25-35";"Post Graduate"
"305";"2/27/2017 17:27:33";"Male";"25-35";"Mumbai ";"Employee at an organisation";"Graduate";"4";"5";"5";"3";"3";"3";"2";"2";67,5;-0,880356910922942;0,464757720788192;-0,013429557697888;"Safe";"25-35";"Graduate"
"306";"2/27/2017 19:14:51";"Male";"15-25";"Mumbai ";"Employee at an organisation";"Graduate";"5";"3";"4";"2";"3";"4";"4";"3";70;0,47782462492056;0,666273177877086;-0,659524076617208;"Neutral";"15-25";"Graduate"
"307";"2/28/2017 19:03:28";"Male";"25-35";"Bhuj";"Working in a government organisation";"Masters";"4";"4";"4";"2";"3";"4";"3";"3";67,5;0,193835927939422;-0,0250449133036963;-0,435475932809819;"Neutral";"25-35";"Post Graduate"
"308";"2/28/2017 19:28:27";"Male";"35-45";"Mumbai ";"Employee at an organisation";"Graduate";"5";"2";"5";"2";"2";"4";"4";"2";65;0,174095813068951;0,683226368239511;-0,892402927904202;"Safe";"35-45";"Graduate"
"309";"2/28/2017 20:01:39";"Female";"25-35";"Noida";"Employee at an organisation";"Masters";"4";"5";"4";"3";"4";"4";"4";"4";80;0,722160363593658;0,174528615994787;0,49288518849993;"Unsafe";"25-35";"Post Graduate"
"310";"03-01-2017 11:49";"Male";"25-35";"Mumbai ";"Employee at an organisation";"Graduate";"4";"3";"4";"2";"4";"3";"4";"2";65;0,154202744115923;-0,129332624001424;-0,749965144636233;"Safe";"25-35";"Graduate"
"311";"03-02-2017 14:49";"Male";"35-45";"Mumbai ";"Self Employed";"Post Graduate";"4";"4";"4";"2";"3";"3";"4";"2";65;-0,0431343877882427;0,000515315290603852;-0,682602425086553;"Safe";"35-45";"Post Graduate"
"312";"03-02-2017 19:38";"Male";"25-35";"Mumbai ";"Employee at an organisation";"Graduate";"4";"3";"5";"3";"5";"5";"5";"3";82,5;1,62232829106704;0,0265528464705675;0,225159841516985;"Neutral";"25-35";"Graduate"
"313";"03-04-2017 09:03";"Male";"25-35";"Mumbai ";"Employee at an organisation";"Post Graduate";"5";"3";"4";"2";"4";"4";"4";"2";70;0,545467821694446;0,721750137720274;-0,922349957486165;"Safe";"25-35";"Post Graduate"
